"2","sda","gag@sasd","as","3","gasa","gsasag","1",NULL,NULL,NULL,NULL,NULL
"3","ojsai","soajdoj@posodak","sda","2","siodajs
        ","smkadk    ","1","1","1","1","1","02-post-get.php"
"4","dsajk","slad@opksda","lkjaj","3","dsoija
        ","jjdsa
        ","1","0","0","0","0","login.php"
"5","dsa","kjsdlak@xn--lsdka-hya","llskalk","4","
        ","
        ","0","0","0","0","0","02-post-get.php"
"6","fsaoji","sakd@dsuiahu","osdjaj","5","
        ","
        ","0","0","0","0","0","02-post-get.php"
"7","petar","petar.bosnjak@yahoo.com","jsdia","1","
        ","
        ","0","0","0","0","0","notes.md"
